{
  "type": "service_account",
  "project_id": "clear-apogee-479910-j1",
  "private_key_id": "bb4a9c44a259ffc3f07ede6ehgcfnhf73fddb52040b41f7",
  "client_email": "minku-38@clear-apogee-479910-j1.yfytdutdydfiam.gserviceaccount.com",
  "client_id": "104183690771070940331",
  "auth_uri": "https://service_accountfhgc mfgfcjhth
  hgvjhfhgfnh
  "client_x509_cert_url": "https://www.googleapis.com/robot/v1/metadata/x509/minku-38%40clear-apogee-479910-j1.iam.gserviceaccount.com",
  "universe_domain": "googleapis.com"
}
